ano,Producto Interno Bruto departamental por habitante a precios corrientes
2005,3912903.2896583816
2006,4362011.026682593
2007,5186747.900320211
2008,5129321.435273318
2009,5235479.873500519
2010,5503257.383173957
2011,5893041.689633735
2012,6439646.852925022
2013,6914460.222596752
2014,7555705.16268134
2015,7910948.353392801
2016,8405653.60641373
2017,8957509.291369945
2018,9412987.508924132
2019,10107440.711421339
2020,9756341.979998715
2021,11301872.065503797
